Cluster,SNP,OR,P-value
118,rs936580,0.18432297,0.024391118
126,rs10034105,1.047681256,0.901807339
126,rs10089244,0.794692011,0.52193363
126,rs10414043,0.288885063,0.131197091
126,rs10516023,0.480270823,0.156227462
126,rs10735460,0.719176998,0.377490287
126,rs10746266,0.74501728,0.429341323
126,rs11013415,2.779458282,0.010168234
126,rs11013416,2.728159403,0.011382414
126,rs11097007,1.074516616,0.848820645
126,rs111385232,1.427205575,0.311672495
126,rs111727905,1.859105431,0.068261897
126,rs111871194,1.62621464,0.341829578
126,rs112075860,0.954138247,0.943757634
126,rs11242908,1.070716645,0.84991168
126,rs11242909,1.071169012,0.848958815
126,rs112475399,2.427375747,0.030818891
126,rs113311037,0.406856255,0.033900512
126,rs114052930,0.559474337,0.244854682
126,rs11556505,0.591039283,0.220895713
126,rs116282329,1.036751104,0.941872807
126,rs11723907,1.046202334,0.904826711
126,rs11724667,1.046908295,0.903382994
126,rs11725674,1.046930867,0.903338498
126,rs11862361,0.780154887,0.478535836
126,rs11994805,0.796846369,0.52726958
126,rs1239353,0.625157399,0.237417626
126,rs12446160,0.404464392,0.023162149
126,rs12643155,1.047510672,0.902156606
126,rs12699065,0.409733372,0.030130763
126,rs1294647,0.542207205,0.095444134
126,rs1294648,0.542335571,0.095580639
126,rs1294650,0.542245556,0.095560645
126,rs12972156,0.617498313,0.28486954
126,rs12972970,0.616681722,0.283070248
126,rs13064289,1.388439283,0.529821987
126,rs13301238,0.640132618,0.266345601
126,rs1430337,1.22257753,0.556709125
126,rs143703233,0.707404484,0.458188963
126,rs144231633,0.702835665,0.45044203
126,rs1450981,1.146468086,0.676323479
126,rs157581,0.647582538,0.263423819
126,rs157582,0.647792817,0.263868081
126,rs16917151,2.426563362,0.031105867
126,rs17067478,0.479281503,0.154478809
126,rs17067481,0.479239142,0.154382637
126,rs17478388,0.619634183,0.323270066
126,rs17682871,2.152150445,0.053787835
126,rs184017,0.644988973,0.25915911
126,rs2008079,0.804098891,0.533266494
126,rs2008080,0.804098891,0.533266494
126,rs2008465,0.733858779,0.313657107
126,rs2072256,0.830879969,0.578629344
126,rs2075650,0.590922187,0.22063075
126,rs2079559,0.803678139,0.511732919
126,rs2153960,0.542096287,0.068705678
126,rs2183591,0.769049585,0.392974383
126,rs2190699,0.94037387,0.849332966
126,rs2190700,0.802403295,0.508226934
126,rs2215054,0.802643392,0.508883185
126,rs2236246,1.32993837,0.416427932
126,rs2236247,1.328807296,0.41791393
126,rs2269186,1.330293337,0.416055712
126,rs2271116,0.598912894,0.129736696
126,rs2322709,0.744345967,0.387279695
126,rs2368984,1.32884836,0.420097029
126,rs2623795,1.102352377,0.798375897
126,rs2679780,1.501282616,0.306303493
126,rs2679792,1.045900792,0.905440789
126,rs2732053,1.49611686,0.31140613
126,rs283811,0.656685062,0.300860848
126,rs283812,0.693751252,0.368650212
126,rs283815,0.626195963,0.237123535
126,rs2838892,0.774730944,0.398606173
126,rs28576782,1.046458709,0.904301816
126,rs28590421,0.795253332,0.523826732
126,rs28712572,1.046822915,0.903557811
126,rs34095326,0.61658862,0.280041281
126,rs34342646,0.614414231,0.277695389
126,rs34404554,0.591034702,0.220872139
126,rs35355,1.396073722,0.292500887
126,rs35358,1.397531822,0.291517885
126,rs35359,1.397812213,0.291400058
126,rs35360,1.39863669,0.290916575
126,rs357269,0.447976198,0.079436996
126,rs357270,0.448048532,0.079448226
126,rs357273,0.482345341,0.109433301
126,rs357281,0.452921392,0.082464748
126,rs357289,0.606546463,0.210052649
126,rs375155,0.443558817,0.076276575
126,rs3764814,3.750652294,0.015993644
126,rs3800227,0.727287566,0.348660106
126,rs3800228,0.617825986,0.15600737
126,rs3803833,2.105209108,0.070791002
126,rs405509,1.702255303,0.099987578
126,rs420444,0.623863043,0.246568405
126,rs438811,1.311451954,0.537860166
126,rs4500636,0.654336683,0.322693931
126,rs4790248,0.550896166,0.448294351
126,rs4792302,0.904608379,0.761896912
126,rs4801468,2.233574638,0.029878972
126,rs483082,1.310856087,0.538353739
126,rs4917250,0.745142686,0.541832931
126,rs4945816,0.576729659,0.111930604
126,rs4946935,0.570021559,0.101735724
126,rs5117,1.341726449,0.50703794
126,rs539963,0.453364461,0.082757128
126,rs548287,0.61711762,0.233550034
126,rs55707823,0.745465333,0.522107836
126,rs55724060,0.83571784,0.686141741
126,rs55803928,0.679927427,0.223180544
126,rs55827427,0.72670633,0.488063518
126,rs55948619,1.048623924,0.899884452
126,rs55968245,0.393622633,0.034290605
126,rs56152004,2.740973658,0.010956896
126,rs56310569,1.048623924,0.899884452
126,rs56364834,2.741147312,0.010951239
126,rs57303653,2.074936046,0.071491067
126,rs5882,1.149583828,0.690867962
126,rs59007384,0.665352469,0.323726017
126,rs59801687,0.778139341,0.578855017
126,rs60321241,0.766489315,0.387210335
126,rs6034677,0.4833907,0.113073846
126,rs6135852,0.491240904,0.13833362
126,rs61825286,2.122332596,0.055766426
126,rs61825300,2.127143442,0.054921176
126,rs61825309,2.128554005,0.054689232
126,rs62017676,0.874318535,0.751752959
126,rs62070067,2.065455466,0.078406325
126,rs62307934,1.363050364,0.434648661
126,rs62309185,1.415802375,0.383058982
126,rs62492352,1.582424788,0.123359557
126,rs6502221,0.893495127,0.731841291
126,rs6547282,1.5127987,0.220941966
126,rs6857,0.594059386,0.23012792
126,rs6859,1.444447274,0.281895332
126,rs6918436,1.533789782,0.249141549
126,rs702131,1.331824827,0.486812431
126,rs71352238,0.552351549,0.172383779
126,rs7164420,0.955709206,0.945691841
126,rs7185374,0.393189179,0.029596933
126,rs7212783,0.739815125,0.375272627
126,rs7222788,0.802209336,0.507750312
126,rs7223559,0.801866167,0.506902167
126,rs7223851,0.802142683,0.507589174
126,rs7224309,0.739215422,0.373942556
126,rs72759967,2.122188523,0.055790223
126,rs72822084,1.209827687,0.695126827
126,rs72822089,1.165740853,0.750548269
126,rs72822095,1.149386342,0.773929117
126,rs72823606,0.820411761,0.658128355
126,rs72834067,0.583509212,0.275243604
126,rs72834070,0.487689642,0.163697354
126,rs72834073,0.479281503,0.154478809
126,rs72834074,0.479281503,0.154478809
126,rs72834076,0.479239142,0.154382637
126,rs72834079,0.480270823,0.156227462
126,rs72834698,2.07904241,0.070535622
126,rs7290310,1.031610085,0.960273819
126,rs7304484,0.843271629,0.608389153
126,rs7316579,0.830886271,0.632961974
126,rs74031843,0.947855119,0.935965872
126,rs7570826,0.903112106,0.738387704
126,rs767574,0.940480642,0.849607731
126,rs769449,0.262852948,0.105951532
126,rs7699045,1.047959645,0.901239118
126,rs7745123,1.070006756,0.851404034
126,rs7750535,1.074705765,0.841986277
126,rs7757489,1.070241194,0.8509095
126,rs7826411,0.394236248,0.034422675
126,rs7851726,1.353446078,0.34766017
126,rs7911525,1.283165188,0.47041257
126,rs7912454,2.469925856,0.019808984
126,rs79377418,1.390861463,0.527591904
126,rs8127205,0.76738341,0.389204556
126,rs8181609,0.678740284,0.300131713
126,rs881506,0.71434529,0.37563202
126,rs9303066,0.978073451,0.947138837
126,rs936580,0.951222094,0.909466389
126,rs9398173,0.538190296,0.066174206
126,rs9739396,1.084090246,0.801310268
126,rs9739397,1.084090246,0.801310268
128,rs7851726,0.756075545,0.479590458
128,rs936580,0.371010286,0.075203315
129,rs936580,7.60209905,0.057896759
133,rs936580,1.076754554,0.890942411
134,rs1450981,1.368441518,0.415406645
134,rs283812,0.203267213,0.015059533
134,rs59007384,0.208365703,0.01432332
134,rs6547282,2.63843802,0.008927847
141,rs2183591,0.681577862,0.26472947
141,rs2838892,0.630354959,0.19066053
141,rs55803928,0.313752907,0.012064018
141,rs60321241,0.686794446,0.273194507
141,rs61825300,3.771646181,0.005600838
141,rs72759967,3.775107637,0.005655878
141,rs8127205,0.68452454,0.26924406
148,rs405509,1.708208983,0.046834988
153,rs1450981,0.402184595,0.020426321
153,rs283812,1.187044966,0.640836133
153,rs59007384,1.138556729,0.717470755
153,rs6547282,0.89513224,0.735816726
160,rs5882,2.354650497,0.003947557
160,rs9739396,2.219113051,0.002978095
160,rs9739397,2.219113051,0.002978095
170,rs10735460,3.554367978,0.010268941
170,rs10746266,3.558039769,0.010346959
170,rs112475399,0.303641324,0.041896805
170,rs113311037,1.725200439,0.115171257
170,rs11862361,0.512373807,0.039128497
170,rs1239353,2.262506445,0.039040185
170,rs12446160,1.515138074,0.196772821
170,rs13064289,0.300848381,0.095215416
170,rs17682871,0.302169917,0.03028421
170,rs4500636,0.36397718,0.010974111
170,rs62017676,0.342053659,0.022394138
170,rs7185374,1.740489548,0.108964942
170,rs7316579,3.564379398,0.011179598
170,rs7912454,0.290578927,0.026489584
170,rs79377418,0.30215266,0.095706293
170,rs8181609,3.580741293,0.008108647
176,rs13301238,1.309983031,0.603087694
176,rs1430337,2.305222701,0.016634836
176,rs5882,0.806565373,0.419175167
176,rs59007384,1.228970204,0.537500487
176,rs6918436,1.297678775,0.406573308
176,rs9739396,0.634167893,0.30558541
176,rs9739397,0.634167893,0.30558541
180,rs2183591,1.117896014,0.684952633
180,rs2838892,1.146358859,0.609406525
180,rs60321241,1.117689705,0.685249149
180,rs8127205,1.117675023,0.68536533
193,rs10414043,1.225407464,0.630927575
193,rs10735460,1.441873052,0.20656147
193,rs10746266,1.39174128,0.227298761
193,rs11556505,1.12099654,0.728814751
193,rs11862361,0.508290162,0.005752593
193,rs1294647,2.647208351,0.070854233
193,rs1294648,2.673015839,0.068892969
193,rs1294650,2.688888124,0.067732371
193,rs157581,1.410321812,0.194874831
193,rs157582,1.324791055,0.288053508
193,rs184017,1.401557957,0.201757763
193,rs2075650,1.120829881,0.729108972
193,rs2079559,0.628313762,0.057425821
193,rs2183591,1.34210951,0.491060041
193,rs2190700,0.602534406,0.039200327
193,rs2215054,0.622524849,0.052181202
193,rs2322709,0.605827742,0.042552638
193,rs283815,1.422646603,0.184125625
193,rs2838892,1.194596873,0.675018574
193,rs34404554,1.121102958,0.728574294
193,rs357289,0.398197952,0.022006792
193,rs3803833,1.670063229,0.156282063
193,rs420444,0.384004245,0.014831793
193,rs4801468,1.781720252,0.028884111
193,rs4917250,1.168952414,0.706912521
193,rs548287,0.321925269,0.009465568
193,rs57303653,1.210795614,0.468634579
193,rs59007384,1.3288549,0.286584677
193,rs60321241,1.310549953,0.523488563
193,rs61825286,2.061996275,0.021391954
193,rs61825300,2.062968291,0.02125794
193,rs62017676,2.214738528,0.105659649
193,rs62070067,1.634620218,0.173928319
193,rs6857,1.465504174,0.210922079
193,rs6859,0.700166173,0.1196954
193,rs71352238,1.159572246,0.654567037
193,rs7212783,0.602227141,0.038991138
193,rs7222788,0.622642342,0.052254772
193,rs7223559,0.622595076,0.05219692
193,rs7223851,0.615170515,0.045706494
193,rs7224309,0.615064347,0.04561213
193,rs7316579,1.452088983,0.201859672
193,rs769449,0.936527343,0.876666647
193,rs8127205,1.333311533,0.500382453
194,rs13301238,0.886758872,0.709434553
194,rs1430337,1.189942746,0.570468041
194,rs5882,0.755054981,0.26475902
194,rs59007384,1.017452952,0.960670157
194,rs6135852,0.805905763,0.421173551
194,rs6918436,1.272056114,0.350858921
194,rs9739396,1.089620992,0.71077713
194,rs9739397,1.089620992,0.71077713
240,rs405509,0.640510277,0.057198317
249,rs10089244,1.055412859,0.822502584
249,rs10735460,1.182935806,0.532638849
249,rs10746266,1.188925006,0.519885763
249,rs11013415,1.415223619,0.165441028
249,rs11013416,1.339308032,0.247097131
249,rs11242908,0.803739511,0.364032589
249,rs11242909,0.790362267,0.326664696
249,rs113311037,0.998150685,0.99383305
249,rs116282329,1.784015006,0.043365042
249,rs11994805,1.078519063,0.753085677
249,rs13064289,0.746681904,0.446073708
249,rs1450981,0.734397053,0.24605937
249,rs283812,0.332060758,0.002282624
249,rs28590421,1.112834905,0.656423934
249,rs34095326,0.253558068,0.013081198
249,rs357269,1.12473763,0.669068414
249,rs357270,1.12473763,0.669068414
249,rs357273,1.090723075,0.755298782
249,rs375155,1.123274006,0.673835378
249,rs3764814,1.303753775,0.477876364
249,rs4790248,3.205254814,0.002806101
249,rs56152004,1.383212119,0.203069648
249,rs56364834,1.38470647,0.201480929
249,rs57303653,1.821386277,0.012851712
249,rs59007384,0.3522335,0.003373514
249,rs62492352,0.956356642,0.832537889
249,rs6547282,1.102229457,0.711364373
249,rs71352238,0.238733389,0.003491279
249,rs7185374,0.998919463,0.996411374
249,rs72834698,1.074386829,0.823338067
249,rs7304484,0.838406709,0.428037448
249,rs7316579,1.155711867,0.594864012
249,rs7745123,0.803698386,0.363984559
249,rs7750535,0.786707236,0.318045479
249,rs7757489,0.788494916,0.322235299
249,rs79377418,0.74486686,0.442406664
249,rs881506,1.346119667,0.213305275
253,rs5882,1.116601604,0.612716107
253,rs9739396,1.075290916,0.742777643
253,rs9739397,1.075290916,0.742777643
274,rs11862361,1.326394872,0.241958239
274,rs3803833,0.28649316,0.011526079
274,rs62017676,0.394472429,0.023458946
274,rs62070067,0.235540174,0.004792932
274,rs769449,0.098614966,0.002200716
287,rs34095326,0.81732337,0.604547377
287,rs71352238,0.754915171,0.411138658
290,rs2183591,0.521143662,0.012670887
290,rs2838892,0.540393689,0.017752622
290,rs60321241,0.523037453,0.013016176
290,rs8127205,0.520544165,0.012505543
296,rs1450981,0.798584549,0.36588578
296,rs283812,0.467574373,0.004895828
296,rs34095326,0.184513746,0.001991853
296,rs59007384,0.510003127,0.009433703
296,rs6547282,1.185838616,0.453489878
296,rs71352238,0.189596401,0.000211215
297,rs111727905,0.576205181,0.203977523
297,rs2153960,1.956736687,0.126390891
297,rs3800228,1.90304555,0.147147311
297,rs438811,0.211244279,0.015436775
297,rs483082,0.212826323,0.01599182
297,rs4945816,1.870842547,0.157054242
297,rs4946935,1.857353306,0.160277237
297,rs5117,0.214722511,0.017622535
297,rs55968245,2.911196331,0.003462683
297,rs72834698,0.376530618,0.171317651
297,rs7826411,2.803893541,0.005084739
297,rs7851726,1.740336629,0.130001876
297,rs936580,0.953375848,0.92767498
297,rs9398173,1.873455366,0.152952551
316,rs10089244,0.544491772,0.006878548
316,rs10735460,0.587014713,0.01272298
316,rs10746266,0.585404251,0.012190777
316,rs11242908,0.690651446,0.047487741
316,rs11242909,0.682036505,0.040106442
316,rs11994805,0.540055671,0.006616812
316,rs1450981,0.965462634,0.859584813
316,rs283812,0.775858154,0.272355081
316,rs28590421,0.543632494,0.007122139
316,rs34095326,0.458414806,0.028311797
316,rs3764814,2.886499941,0.000364297
316,rs59007384,0.782693233,0.291433427
316,rs62492352,1.278701102,0.169991197
316,rs6547282,0.982449544,0.929366101
316,rs71352238,0.58436709,0.070932606
316,rs72834698,0.972761414,0.906210312
316,rs7304484,0.590274186,0.004207138
316,rs7316579,0.585757443,0.01235287
316,rs7745123,0.689655057,0.046777883
316,rs7750535,0.681800894,0.040425963
316,rs7757489,0.681066149,0.039681134
330,rs11862361,0.573657709,0.014824234
330,rs3803833,1.291478292,0.475291284
330,rs62017676,1.622218456,0.17810567
330,rs62070067,1.264416092,0.513243029
330,rs769449,0.640804569,0.315636705
348,rs11862361,0.731632846,0.120610946
348,rs2079559,0.553518667,0.006177955
348,rs2183591,1.60179516,0.134531082
348,rs2190700,0.566557142,0.008793629
348,rs2215054,0.556737699,0.006746906
348,rs2322709,0.560310985,0.007212662
348,rs2838892,1.522590426,0.178074943
348,rs3803833,0.989525212,0.97511045
348,rs4801468,1.84482057,0.005172189
348,rs4917250,0.568465205,0.037109543
348,rs57303653,1.853835889,0.006497729
348,rs60321241,1.597453492,0.135894488
348,rs62017676,1.138591132,0.713296683
348,rs62070067,0.94456945,0.865666763
348,rs7212783,0.566355662,0.00874111
348,rs7222788,0.553530126,0.006164554
348,rs7223559,0.553324127,0.006127097
348,rs7223851,0.577481576,0.011394575
348,rs7224309,0.577297595,0.01133489
348,rs769449,0.546935407,0.12977924
348,rs8127205,1.597323045,0.136331006
380,rs7851726,2.029674838,0.008923808
388,rs12699065,1.463764383,0.115485824
388,rs2153960,1.143654153,0.462543565
388,rs3800227,1.29276377,0.192076736
388,rs62017676,0.413451694,0.001451683
396,rs10735460,0.668360676,0.032077677
396,rs10746266,0.676589278,0.037394802
396,rs112475399,1.098781132,0.651884654
396,rs113311037,0.680936094,0.025901319
396,rs11862361,1.064831523,0.709284815
396,rs1239353,0.925071697,0.708266927
396,rs12446160,0.677672866,0.016623924
396,rs13064289,1.793866404,0.011647243
396,rs17682871,1.165885257,0.442969169
396,rs4500636,0.974169957,0.897743645
396,rs62017676,1.01913005,0.919133265
396,rs7185374,0.679469349,0.025931479
396,rs7316579,0.689115123,0.048794169
396,rs7912454,1.038621937,0.844190474
396,rs79377418,1.793862131,0.011636359
396,rs8181609,0.664383441,0.026363012
413,rs13301238,0.862524065,0.430509752
413,rs1430337,1.918980895,0.000564302
413,rs6918436,1.422854209,0.032421176
416,rs13301238,0.437261689,0.002332263
416,rs1430337,1.014574818,0.946620995
416,rs5882,0.730762323,0.105215302
416,rs6918436,0.806000284,0.31086965
416,rs9739396,1.080807281,0.685338874
416,rs9739397,1.080807281,0.685338874
470,rs55803928,0.943163606,0.767321443
470,rs61825300,1.250730389,0.402387391
470,rs72759967,1.166625648,0.571576617
508,rs111727905,1.598803072,0.03510486
508,rs2153960,0.645031025,0.046223759
508,rs3800228,0.623340219,0.032877205
508,rs438811,0.85918033,0.564783894
508,rs483082,0.86729518,0.589202954
508,rs4945816,0.611673344,0.027145379
508,rs4946935,0.619359056,0.030501074
508,rs5117,0.876735054,0.622454382
508,rs55968245,0.655329896,0.081533315
508,rs72834698,2.0872251,0.004594465
508,rs7826411,0.646583259,0.072648967
508,rs9398173,0.639289544,0.04221273
566,rs10034105,1.192841475,0.212120886
566,rs11097007,1.192563273,0.212738881
566,rs11723907,1.188336637,0.22203946
566,rs11724667,1.190747019,0.216735629
566,rs11725674,1.190598881,0.21706342
566,rs12643155,1.192181048,0.213580742
566,rs13301238,0.953156784,0.771408519
566,rs1430337,1.275221242,0.105285814
566,rs1450981,0.465244704,1.02E-05
566,rs2072256,1.133501226,0.373771438
566,rs2079559,1.137712021,0.366994427
566,rs2190699,1.151222654,0.314670523
566,rs2190700,1.154428667,0.315012126
566,rs2215054,1.139874928,0.359478544
566,rs2322709,1.137026495,0.370120394
566,rs2623795,1.177164798,0.250126176
566,rs2679792,1.188123951,0.22252963
566,rs28576782,1.189089766,0.2203774
566,rs28712572,1.190414002,0.217467216
566,rs4792302,1.132285672,0.379551083
566,rs55968245,1.062653017,0.663395772
566,rs5882,1.164500189,0.277569247
566,rs59007384,0.950704993,0.792633061
566,rs6135852,1.263731041,0.140145177
566,rs6502221,1.145506725,0.332882799
566,rs6918436,1.071510575,0.647700926
566,rs7212783,1.149476388,0.330642618
566,rs7222788,1.13980714,0.359594014
566,rs7223559,1.135503622,0.374517922
566,rs7223851,1.154672532,0.314279423
566,rs7224309,1.15023275,0.328307039
566,rs767574,1.163969641,0.278967556
566,rs769449,0.745070598,0.28371821
566,rs7826411,1.05824465,0.683810125
566,rs9303066,1.141901886,0.347531854
566,rs9739396,1.043403586,0.753921047
566,rs9739397,1.043403586,0.753921047
583,rs10089244,0.997827564,0.98873745
583,rs10735460,1.055274503,0.751375858
583,rs10746266,1.053148102,0.759913204
583,rs11242908,1.196994785,0.286031139
583,rs11242909,1.158583093,0.385565545
583,rs11994805,1.012546031,0.93567408
583,rs28590421,1.015649264,0.919930777
583,rs3764814,0.851583725,0.572548977
583,rs62492352,0.681499397,0.009181311
583,rs72834698,1.810385079,0.002487739
583,rs7304484,0.949187975,0.719116635
583,rs7316579,1.047566753,0.783874331
583,rs7745123,1.198661127,0.282564495
583,rs7750535,1.162743821,0.374532501
583,rs7757489,1.161313995,0.378410548
604,rs2079559,1.077214406,0.621683085
604,rs2183591,0.632174941,0.038294941
604,rs2190700,1.039655535,0.796386647
604,rs2215054,1.084358006,0.592348854
604,rs2322709,1.077294151,0.621853986
604,rs2838892,0.628971159,0.038602739
604,rs4801468,1.072883379,0.641354544
604,rs4917250,1.252038593,0.347328072
604,rs57303653,0.949372682,0.764008964
604,rs60321241,0.630299687,0.037016209
604,rs7212783,1.039701815,0.796173541
604,rs7222788,1.07427741,0.634630203
604,rs7223559,1.074258074,0.63472011
604,rs7223851,1.058256863,0.707148918
604,rs7224309,1.058178968,0.707516164
604,rs8127205,0.631247556,0.037622234
606,rs10034105,0.759854737,0.057060963
606,rs10089244,0.819853373,0.184116279
606,rs10414043,0.586012365,0.064714427
606,rs10516023,0.699988074,0.169691397
606,rs10735460,0.920250362,0.582252035
606,rs10746266,0.950541984,0.730006123
606,rs11013415,1.723139152,0.000193349
606,rs11013416,1.711613492,0.000256707
606,rs11097007,0.759858731,0.057067592
606,rs111385232,1.186163786,0.211159135
606,rs111727905,1.022874632,0.920884616
606,rs111871194,0.54079621,0.019004755
606,rs112075860,0.932416981,0.759535808
606,rs11242908,0.835741868,0.201071824
606,rs11242909,0.833643297,0.194605262
606,rs112475399,2.208916702,1.89E-05
606,rs113311037,0.59978482,0.020554114
606,rs114052930,0.672802444,0.13314499
606,rs11556505,0.534668899,0.01066623
606,rs116282329,0.736505604,0.413698822
606,rs11723907,0.75514771,0.051225462
606,rs11724667,0.75990026,0.057139479
606,rs11725674,0.759904283,0.05714614
606,rs11862361,1.050273953,0.767963794
606,rs11994805,0.800270986,0.152438961
606,rs1239353,0.80095813,0.196868638
606,rs12446160,0.955635701,0.725624598
606,rs12643155,0.759870725,0.057087492
606,rs12677146,0.615376037,0.001473262
606,rs12699065,1.008519177,0.954665988
606,rs1294647,0.832961518,0.423270056
606,rs1294648,0.813997115,0.366316681
606,rs1294650,0.832862579,0.423365115
606,rs12972156,0.510395706,0.105204345
606,rs12972970,0.50986176,0.104694569
606,rs13064289,0.989734879,0.955294893
606,rs13274269,0.610105764,0.001158078
606,rs13301238,1.109620251,0.692961347
606,rs1430337,1.022802358,0.881602017
606,rs143703233,0.672640545,0.132939741
606,rs144231633,0.672655439,0.132958492
606,rs1450981,1.039536902,0.787948186
606,rs1478891,0.612696967,0.001362475
606,rs1478892,0.614182373,0.001432026
606,rs157581,0.64972665,0.016513226
606,rs157582,0.647896229,0.01569505
606,rs16917151,1.949271447,0.000115618
606,rs17067478,0.699988074,0.169691397
606,rs17067481,0.741665916,0.237986256
606,rs17478388,0.672802444,0.13314499
606,rs17682871,2.242876304,1.10E-05
606,rs184017,0.645176618,0.01478968
606,rs2008079,0.650340516,0.069480995
606,rs2008080,0.650340516,0.069480995
606,rs2008465,0.715475231,0.118724961
606,rs2072256,0.8217522,0.167754991
606,rs2075650,0.534419817,0.010563736
606,rs2079559,0.845105863,0.250525207
606,rs2153960,0.784256504,0.074698983
606,rs2183591,0.762868672,0.19219335
606,rs2190699,0.852655021,0.267459728
606,rs2190700,0.821698775,0.179918288
606,rs2215054,0.831392453,0.208063232
606,rs2236246,1.187369756,0.206908746
606,rs2236247,1.187334437,0.20707219
606,rs2269186,1.189574057,0.201890256
606,rs2271116,0.866518207,0.342706982
606,rs2322709,0.843242548,0.245125422
606,rs2368984,1.194861889,0.193089694
606,rs2623795,0.77871606,0.087029003
606,rs2679780,0.775616999,0.096244978
606,rs2679792,0.755027756,0.051123621
606,rs2732053,0.777684031,0.10012244
606,rs283811,0.858541914,0.593179902
606,rs283812,0.870202889,0.626384386
606,rs283815,0.659940964,0.02306557
606,rs2838892,0.792979579,0.261009773
606,rs28576782,0.755165497,0.051229427
606,rs28590421,0.802039993,0.156116328
606,rs28712572,0.75990831,0.057152802
606,rs34095326,0.473058999,0.007803151
606,rs34163377,0.60846458,0.001127708
606,rs34342646,0.509574406,0.10413722
606,rs34404554,0.534582507,0.010630759
606,rs34603591,1.744109644,4.94E-05
606,rs35005793,0.615326616,0.001470095
606,rs35355,1.194445875,0.161364479
606,rs35358,1.157377057,0.245320791
606,rs35359,1.159432105,0.239783972
606,rs35360,1.158966687,0.241237649
606,rs357269,0.67483892,0.029829262
606,rs357270,0.675053911,0.029989584
606,rs357273,0.655466448,0.020749283
606,rs357281,0.790276804,0.191288495
606,rs357289,0.765478206,0.131875947
606,rs375155,0.685387702,0.036355175
606,rs3764814,1.611088677,0.021428789
606,rs3800227,0.750676635,0.051713176
606,rs3800228,0.752354339,0.045861843
606,rs3803833,0.738241389,0.200604346
606,rs405509,1.196056694,0.151656975
606,rs420444,0.725538944,0.072110873
606,rs438811,1.000376301,0.998291654
606,rs4500636,0.926860257,0.656553624
606,rs4790248,0.96142844,0.890148186
606,rs4792302,0.830775135,0.198025627
606,rs4801468,0.960536253,0.787699362
606,rs483082,1.002605396,0.98820306
606,rs4917250,0.950166336,0.80096926
606,rs4945816,0.778611835,0.076856389
606,rs4946935,0.765964624,0.060580776
606,rs5117,0.99939667,0.99728035
606,rs539963,0.757689338,0.125397549
606,rs548287,0.752041833,0.111881505
606,rs55707823,0.672548297,0.132833856
606,rs55724060,0.672569173,0.132854895
606,rs55803928,0.64957703,0.035863621
606,rs55827427,0.725701197,0.20977254
606,rs55948619,0.759796653,0.056958243
606,rs55968245,0.810142667,0.127143549
606,rs56152004,1.731467769,0.000189156
606,rs56310569,0.759796653,0.056958243
606,rs56364834,1.731446784,0.000188774
606,rs57303653,1.205614119,0.26530649
606,rs5882,0.81856255,0.126963197
606,rs59007384,0.677850325,0.031484205
606,rs59801687,0.6647693,0.12224978
606,rs60321241,0.775057301,0.21746309
606,rs6034677,1.095021555,0.68422528
606,rs6135852,1.145493682,0.568131038
606,rs61825286,1.192852381,0.328614948
606,rs61825300,1.199407959,0.313079582
606,rs61825309,1.168523686,0.387243055
606,rs62017676,1.305441583,0.310921725
606,rs62070067,0.705340152,0.143117581
606,rs62307934,0.779210728,0.100579813
606,rs62309185,0.754494703,0.061519962
606,rs62492352,1.334810457,0.040633774
606,rs6502221,0.846187983,0.249164609
606,rs6547282,1.516312267,0.003823296
606,rs6857,0.460142638,0.000759434
606,rs6859,1.242656462,0.105810934
606,rs6918436,1.338819848,0.041679589
606,rs702131,1.282841866,0.058026604
606,rs71352238,0.523292118,0.009397088
606,rs7164420,0.928843898,0.746396314
606,rs7185374,0.587147115,0.017162896
606,rs7212783,0.820346707,0.176350519
606,rs7222788,0.831973694,0.209721996
606,rs7223559,0.827084998,0.195243079
606,rs7223851,0.823226763,0.184005382
606,rs7224309,0.821851645,0.180273308
606,rs72759967,1.253173344,0.203223328
606,rs72822084,0.548414319,0.040237715
606,rs72822089,0.548397846,0.040187258
606,rs72822095,0.563437289,0.050592504
606,rs72823606,0.672581996,0.132871158
606,rs72834067,0.672802444,0.13314499
606,rs72834070,0.699981403,0.16967739
606,rs72834073,0.699981403,0.16967739
606,rs72834074,0.699981403,0.16967739
606,rs72834076,0.741665916,0.237986256
606,rs72834079,0.699988074,0.169691397
606,rs72834698,0.999919237,0.999772285
606,rs7290310,1.659797675,0.014650093
606,rs7304484,0.821154998,0.154132476
606,rs7316579,0.902888698,0.499805274
606,rs74031843,0.9324334,0.75982011
606,rs7570826,0.816836987,0.127776368
606,rs767574,0.833402459,0.203636603
606,rs769449,0.55814961,0.036745392
606,rs7699045,0.759835544,0.057026035
606,rs7745123,0.828446299,0.181994513
606,rs7750535,0.833600482,0.189916151
606,rs7757489,0.834496929,0.198742618
606,rs7826411,0.802295607,0.111053704
606,rs7851726,0.96702683,0.798846587
606,rs7911525,1.025644623,0.86782209
606,rs7912454,1.802177409,0.000474857
606,rs79377418,0.963966952,0.842726026
606,rs8127205,0.765098171,0.196645356
606,rs8181609,0.94740972,0.827959343
606,rs881506,1.07484738,0.618870165
606,rs9303066,0.815939137,0.155692099
606,rs9316650,0.686151803,0.09032736
606,rs936580,0.76793741,0.107081824
606,rs9398173,0.754615553,0.047731439
606,rs9739396,1.69310186,0.026491657
606,rs9739397,1.693255968,0.026466153
611,rs10089244,1.014728021,0.93283067
611,rs10735460,0.602474783,0.006276781
611,rs10746266,0.603488524,0.00626426
611,rs11013415,1.192044791,0.355503974
611,rs11013416,1.154907787,0.446516865
611,rs11242908,1.022824857,0.903246279
611,rs11242909,1.060532588,0.753620055
611,rs113311037,1.113843394,0.525000326
611,rs116282329,0.819499739,0.486251392
611,rs11994805,1.037668713,0.833345359
611,rs13064289,1.334898583,0.222409494
611,rs1450981,0.604316879,0.011771854
611,rs2271116,1.339369976,0.145584805
611,rs283812,0.549550247,0.010389133
611,rs28590421,1.036379021,0.837349293
611,rs34095326,0.298664817,0.000957849
611,rs357269,0.748041621,0.182074276
611,rs357270,0.747977725,0.18197606
611,rs357273,0.727685731,0.161748056
611,rs375155,0.743713428,0.174836453
611,rs3764814,2.026752758,0.005899711
611,rs4790248,0.557577524,0.169758158
611,rs56152004,1.181162053,0.381050513
611,rs56364834,1.181097937,0.381079857
611,rs57303653,1.213992673,0.348949555
611,rs59007384,0.564192798,0.015372515
611,rs62492352,0.937019509,0.692023548
611,rs6547282,1.014294777,0.937131503
611,rs71352238,0.438784447,0.005003684
611,rs7185374,1.118424764,0.510916043
611,rs72834698,1.016690875,0.944492553
611,rs7304484,0.886500402,0.473123806
611,rs7316579,0.604252306,0.006446013
611,rs7745123,1.022720052,0.903711708
611,rs7750535,1.081079926,0.679815881
611,rs7757489,1.06089837,0.752469873
611,rs79377418,1.334674329,0.222525749
611,rs881506,1.192327138,0.313548204
721,rs10089244,0.929375759,0.590810172
721,rs10735460,0.890923113,0.390660509
721,rs10746266,0.889588004,0.384594741
721,rs11013415,0.936892505,0.6513458
721,rs11013416,0.97888842,0.882450454
721,rs11242908,0.626543881,0.000247268
721,rs11242909,0.627080473,0.000247337
721,rs113311037,0.721696127,0.010545682
721,rs11994805,0.890831764,0.398818756
721,rs13064289,1.740046349,0.000719036
721,rs1450981,0.941104791,0.653108054
721,rs283812,0.562118648,0.001307766
721,rs28590421,0.890779648,0.398929506
721,rs34095326,0.406070366,0.000936151
721,rs357269,0.926630122,0.625901231
721,rs357270,0.926786324,0.626796813
721,rs357273,0.914987375,0.580635422
721,rs375155,0.951029643,0.748522135
721,rs3764814,1.913610405,0.000727018
721,rs56152004,0.96353394,0.798560595
721,rs56364834,0.963758308,0.79973414
721,rs59007384,0.568196667,0.001443304
721,rs62492352,1.125082959,0.315708854
721,rs6547282,1.182637888,0.217872141
721,rs71352238,0.405679883,0.000118674
721,rs7185374,0.721520826,0.010893325
721,rs72834698,1.256660632,0.142891889
721,rs7304484,0.864794148,0.216497498
721,rs7316579,0.914195715,0.508252911
721,rs7745123,0.627887252,0.000266026
721,rs7750535,0.629724544,0.00028598
721,rs7757489,0.628924579,0.000274091
721,rs79377418,1.740388063,0.000714885
805,rs10034105,0.640594104,0.025411354
805,rs10414043,0.400022835,0.014455211
805,rs10735460,1.026624161,0.901587035
805,rs10746266,1.028430591,0.895220181
805,rs11097007,0.640697059,0.025474508
805,rs112475399,0.921115235,0.748087623
805,rs113311037,1.015265184,0.937346085
805,rs11556505,0.586024487,0.073549137
805,rs11723907,0.640560885,0.025416197
805,rs11724667,0.640561921,0.025405746
805,rs11725674,0.640563549,0.025406854
805,rs11862361,0.831882483,0.329873173
805,rs1239353,1.214105074,0.359174091
805,rs12446160,0.967454579,0.857713745
805,rs12643155,0.640593235,0.025413476
805,rs12699065,0.845210327,0.43913437
805,rs12972156,0.581163725,0.073502831
805,rs12972970,0.582413453,0.074315309
805,rs13064289,1.351514,0.201266947
805,rs13301238,0.803413371,0.339536703
805,rs1430337,1.44527006,0.086148348
805,rs1450981,1.057702371,0.78300776
805,rs157581,0.553446243,0.021860867
805,rs157582,0.563802191,0.025174101
805,rs17682871,0.840110515,0.489149224
805,rs184017,0.533049999,0.01598525
805,rs2072256,1.061112423,0.756580423
805,rs2075650,0.586786566,0.074041115
805,rs2079559,1.024428668,0.901182193
805,rs2190699,1.003273991,0.986198999
805,rs2190700,1.023878879,0.903295098
805,rs2215054,1.026055875,0.894679882
805,rs2322709,1.030310652,0.878020744
805,rs2623795,0.653300659,0.032430605
805,rs2679780,0.652026522,0.037736787
805,rs2679792,0.640550128,0.025413171
805,rs2732053,0.654140199,0.039068364
805,rs283811,0.53838941,0.017920082
805,rs283812,0.486543639,0.008714682
805,rs283815,0.530038849,0.015584998
805,rs28576782,0.640539169,0.025401607
805,rs28712572,0.640562767,0.025407231
805,rs34342646,0.58717324,0.077453609
805,rs34404554,0.586278749,0.073728075
805,rs35355,0.945393191,0.753881896
805,rs35358,0.944973701,0.752185546
805,rs35359,0.945072033,0.752701507
805,rs35360,0.945036465,0.752762294
805,rs3764814,2.220049512,0.001183186
805,rs3800227,0.838716418,0.376361506
805,rs405509,0.896324371,0.533196257
805,rs4500636,0.989854724,0.962457766
805,rs4792302,1.046503171,0.813285394
805,rs55803928,0.836809095,0.318556619
805,rs55948619,0.640659882,0.025428275
805,rs56310569,0.640659882,0.025428275
805,rs5882,1.184736599,0.382283988
805,rs59007384,0.467893136,0.006115508
805,rs6135852,1.553572275,0.022088061
805,rs61825286,1.066520895,0.802800674
805,rs61825300,1.135612308,0.615001752
805,rs61825309,1.130886587,0.626681515
805,rs62017676,0.786058927,0.270756411
805,rs62307934,0.651920648,0.038160824
805,rs62309185,0.615623764,0.019790699
805,rs6502221,1.076368733,0.698851169
805,rs6857,0.548425174,0.038389166
805,rs6918436,1.138026154,0.504245827
805,rs71352238,0.673393404,0.16119394
805,rs7185374,1.014610064,0.940339417
805,rs7212783,1.025208007,0.898115947
805,rs7222788,1.025401909,0.897283728
805,rs7223559,1.024780677,0.899810728
805,rs7223851,1.024177713,0.902088424
805,rs7224309,1.02348206,0.904915351
805,rs72759967,1.129354608,0.632141904
805,rs7316579,1.012041713,0.955306479
805,rs767574,1.006650521,0.972020013
805,rs769449,0.394356953,0.011713756
805,rs7699045,0.640601086,0.025409308
805,rs7912454,0.844417789,0.497459805
805,rs79377418,1.351574821,0.20118558
805,rs8181609,1.027044477,0.896134241
805,rs881506,1.239429582,0.263870358
805,rs9303066,1.016359416,0.933086051
805,rs9739396,1.452962912,0.038583466
805,rs9739397,1.452968509,0.038581408
818,rs12699065,0.652804484,0.003892596
818,rs2153960,0.731055911,0.012052726
818,rs3800227,0.760494486,0.037044749
818,rs405509,1.09820043,0.429617538
818,rs62017676,0.933416717,0.639218605
828,rs10034105,0.877263145,0.378238219
828,rs10089244,0.962809539,0.800648344
828,rs10414043,0.395714937,0.000833643
828,rs10516023,0.842553864,0.42062966
828,rs10735460,0.801536566,0.156566243
828,rs10746266,0.776429484,0.102580743
828,rs11013415,1.176301163,0.278449715
828,rs11013416,1.192257161,0.242979061
828,rs11097007,0.877499507,0.37926238
828,rs111385232,1.010632004,0.939937522
828,rs111727905,1.086217048,0.565262017
828,rs111871194,0.747563397,0.256000379
828,rs112075860,0.604637797,0.12837852
828,rs11242908,0.959882174,0.786098401
828,rs11242909,0.969217173,0.836463314
828,rs112475399,1.152979422,0.389288301
828,rs113311037,0.683730097,0.013664306
828,rs114052930,0.834206671,0.395138086
828,rs11556505,0.396940554,0.000147205
828,rs116282329,0.948864255,0.812486965
828,rs11723907,0.877226529,0.378065496
828,rs11724667,0.877305948,0.378402425
828,rs11725674,0.877302757,0.378388719
828,rs11862361,0.888092007,0.398913151
828,rs11994805,0.995119618,0.97416435
828,rs1239353,0.782343944,0.184714998
828,rs12446160,0.698579571,0.013976966
828,rs12643155,0.877287113,0.37833382
828,rs12699065,0.789802499,0.137544049
828,rs1294647,0.69538716,0.010206825
828,rs1294648,0.695005611,0.010117035
828,rs1294650,0.69530338,0.010238402
828,rs12972156,0.410472817,0.000254671
828,rs12972970,0.410872176,0.00025653
828,rs13064289,1.773115841,0.002069076
828,rs13301238,0.923321534,0.616819093
828,rs1430337,1.205381461,0.206189229
828,rs143703233,0.843863891,0.428008707
828,rs144231633,0.843589422,0.426961475
828,rs1450981,1.010772233,0.943206454
828,rs157581,0.503577428,0.000304993
828,rs157582,0.508404823,0.000361682
828,rs16917151,1.124737593,0.469957252
828,rs17067478,0.835880965,0.399642533
828,rs17067481,0.830047135,0.38103606
828,rs17478388,0.841744696,0.419278677
828,rs17682871,1.163631067,0.335768919
828,rs184017,0.505515317,0.000332624
828,rs2008079,0.721347697,0.02405604
828,rs2008080,0.721348288,0.024056425
828,rs2008465,1.132831409,0.365802607
828,rs2072256,0.850548662,0.251540064
828,rs2075650,0.397806557,0.000149068
828,rs2079559,0.841773601,0.230311937
828,rs2153960,0.953822142,0.736475706
828,rs2183591,0.970435363,0.823923998
828,rs2190699,0.86205179,0.289567038
828,rs2190700,0.838379186,0.219180398
828,rs2215054,0.842226718,0.231465977
828,rs2236246,1.008683574,0.950851931
828,rs2236247,1.011140179,0.937097926
828,rs2269186,1.00881401,0.950117316
828,rs2271116,0.792546497,0.121633247
828,rs2322709,0.832245052,0.203357431
828,rs2368984,0.982681771,0.901641632
828,rs2623795,0.896230683,0.461539752
828,rs2679780,0.861301923,0.334102144
828,rs2679792,0.877202598,0.3780125
828,rs2732053,0.85424084,0.308769905
828,rs283811,0.512591393,0.000506142
828,rs283812,0.52721804,0.000881562
828,rs283815,0.502373759,0.00030622
828,rs2838892,0.982578765,0.897067222
828,rs28576782,0.877338167,0.378524649
828,rs28590421,0.991995408,0.956884794
828,rs28712572,0.877288168,0.378329987
828,rs34095326,0.41677414,0.001260484
828,rs34342646,0.412132669,0.000261546
828,rs34404554,0.397280084,0.000147975
828,rs35355,1.270743304,0.080279715
828,rs35358,1.269417995,0.081697342
828,rs35359,1.269221864,0.081981806
828,rs35360,1.270768684,0.080732355
828,rs357269,0.843808742,0.326421442
828,rs357270,0.843739398,0.326311331
828,rs357273,0.809732566,0.235887783
828,rs357281,0.94577175,0.743159172
828,rs357289,0.796565902,0.210018813
828,rs375155,0.84375367,0.327245201
828,rs3764814,2.240676831,9.87E-05
828,rs3800227,0.866194333,0.319570639
828,rs3800228,0.94679988,0.699340185
828,rs3803833,0.759594767,0.130770288
828,rs405509,1.064840802,0.627273959
828,rs420444,0.82583317,0.278767157
828,rs438811,0.716900757,0.059656585
828,rs4500636,0.636461398,0.004485442
828,rs4790248,1.546315588,0.070610471
828,rs4792302,0.842757807,0.22929207
828,rs4801468,0.924162264,0.589504477
828,rs483082,0.718130558,0.06080189
828,rs4917250,0.82886315,0.332419088
828,rs4945816,0.952688636,0.733674989
828,rs4946935,0.945057199,0.690212975
828,rs5117,0.712603151,0.058589336
828,rs539963,0.945325658,0.740286619
828,rs548287,0.806325885,0.226993734
828,rs55707823,0.846032045,0.436638328
828,rs55724060,0.868975488,0.507637917
828,rs55803928,0.979629097,0.878671876
828,rs55827427,0.829937374,0.384412808
828,rs55948619,0.877221428,0.378084414
828,rs55968245,1.021474173,0.875431603
828,rs56152004,1.230324168,0.168950327
828,rs56310569,0.877221428,0.378084414
828,rs56364834,1.229267275,0.170574354
828,rs57303653,1.262502786,0.147833908
828,rs5882,1.008147805,0.953818986
828,rs59007384,0.525352408,0.000896322
828,rs59801687,0.837781465,0.409837563
828,rs60321241,0.973106734,0.839714431
828,rs6034677,1.170590488,0.296556039
828,rs6135852,1.124531791,0.444927994
828,rs61825286,1.391204092,0.054472464
828,rs61825300,1.364354261,0.068277769
828,rs61825309,1.363435225,0.068877783
828,rs62017676,0.688956182,0.039841881
828,rs62070067,0.746467665,0.107972131
828,rs62307934,0.859333577,0.327889266
828,rs62309185,0.834499503,0.243368746
828,rs62492352,1.362406879,0.026367677
828,rs6502221,0.859440129,0.280916558
828,rs6547282,0.993580898,0.965463534
828,rs6857,0.385540368,6.36E-05
828,rs6859,1.247184221,0.099712809
828,rs6918436,1.008768503,0.950754538
828,rs702131,1.506931313,0.004285726
828,rs71352238,0.388645186,0.000108235
828,rs7164420,0.613264746,0.140413666
828,rs7185374,0.681209065,0.013343755
828,rs7212783,0.834124643,0.207211254
828,rs7222788,0.839861564,0.224058072
828,rs7223559,0.836601976,0.213511663
828,rs7223851,0.834846456,0.209460309
828,rs7224309,0.834359545,0.207901651
828,rs72759967,1.384299868,0.056623706
828,rs72822084,0.729032925,0.217386307
828,rs72822089,0.733538474,0.225029655
828,rs72822095,0.760142565,0.284790054
828,rs72823606,0.842982611,0.426138943
828,rs72834067,0.841002045,0.416584941
828,rs72834070,0.832662326,0.38937733
828,rs72834073,0.836154628,0.40035809
828,rs72834074,0.836106669,0.400242372
828,rs72834076,0.830480668,0.382208457
828,rs72834079,0.84238369,0.420152063
828,rs72834698,1.328263388,0.191523595
828,rs7290310,1.585115074,0.019764114
828,rs7304484,0.745591609,0.036940935
828,rs7316579,0.789647487,0.131528361
828,rs74031843,0.596704904,0.119828953
828,rs7570826,1.137689589,0.332638165
828,rs767574,0.865415081,0.302310945
828,rs769449,0.42220926,0.001250808
828,rs7699045,0.877245562,0.378173545
828,rs7745123,0.957293635,0.772230473
828,rs7750535,0.971189054,0.847862634
828,rs7757489,0.965347407,0.816321249
828,rs7826411,0.984076829,0.905267979
828,rs7851726,1.289679229,0.063274384
828,rs7911525,1.202554313,0.216007602
828,rs7912454,1.133107001,0.424683358
828,rs79377418,1.77297704,0.002068388
828,rs8127205,0.971586541,0.830687666
828,rs8181609,0.819205222,0.196268434
828,rs881506,1.077681593,0.61196503
828,rs9303066,0.847104958,0.243181643
828,rs936580,0.606346541,0.003404329
828,rs9398173,0.946598368,0.697248915
828,rs9739396,1.303515433,0.057724515
828,rs9739397,1.303515433,0.057724515
829,rs59007384,0.545010928,0.000324417
899,rs11013415,1.490834077,0.001360617
899,rs11013416,1.477248339,0.001726869
899,rs113311037,1.023605485,0.843634342
899,rs13064289,1.040747055,0.80697595
899,rs357269,0.483666221,2.45E-05
899,rs357270,0.483484267,2.43E-05
899,rs357273,0.490017661,4.04E-05
899,rs375155,0.478290469,1.89E-05
899,rs56152004,1.515870762,0.000970218
899,rs56364834,1.515562727,0.000974566
899,rs7185374,1.028250204,0.814750303
899,rs79377418,1.047893038,0.774714699
952,rs10414043,0.407869323,0.000882005
952,rs10735460,0.702637371,0.005327648
952,rs10746266,0.68626764,0.00200024
952,rs11556505,0.46713363,0.000611018
952,rs1294647,0.679684937,0.025120785
952,rs1294648,0.676797923,0.023732449
952,rs1294650,0.679447031,0.02500538
952,rs157581,0.666112233,0.007355466
952,rs157582,0.662593337,0.006538725
952,rs184017,0.680968565,0.010584884
952,rs2075650,0.466927385,0.000603328
952,rs283815,0.683303545,0.011413146
952,rs34404554,0.467062851,0.000608615
952,rs357289,0.942370567,0.699571652
952,rs420444,0.945933768,0.71361505
952,rs548287,0.954418486,0.761396394
952,rs59007384,0.68549086,0.013315406
952,rs61825286,1.004470598,0.976089868
952,rs61825300,1.004994234,0.973277343
952,rs6857,0.461841602,0.000179231
952,rs6859,1.28372844,0.033632799
952,rs71352238,0.435169694,0.000298506
952,rs7316579,0.697309332,0.00391277
1005,rs6135852,1.616719473,0.000146099
1145,rs10034105,0.704413162,0.001291852
1145,rs10516023,0.446181657,0.000633936
1145,rs11097007,0.704403496,0.001291375
1145,rs111385232,1.365950041,0.001994914
1145,rs111727905,0.987792449,0.941476448
1145,rs111871194,0.46032259,0.000324588
1145,rs112475399,1.081798171,0.559402967
1145,rs113311037,0.761514159,0.095693829
1145,rs114052930,0.468700058,0.000852935
1145,rs11723907,0.699158047,0.00101033
1145,rs11724667,0.704414493,0.001292234
1145,rs11725674,0.704418259,0.001292471
1145,rs1239353,0.86481138,0.287893662
1145,rs12446160,0.844046477,0.092676232
1145,rs12643155,0.704410433,0.001291807
1145,rs12699065,0.794726013,0.046116753
1145,rs12972156,0.456403968,0.012264456
1145,rs12972970,0.456427181,0.012278302
1145,rs13064289,1.059682761,0.67064779
1145,rs13301238,0.975360423,0.89107733
1145,rs1430337,0.838543882,0.12464091
1145,rs143703233,0.453027919,0.000597803
1145,rs144231633,0.453003447,0.000597215
1145,rs1450981,0.92739729,0.484762542
1145,rs17067478,0.446187498,0.000634025
1145,rs17067481,0.443495445,0.000573278
1145,rs17478388,0.45349748,0.000614748
1145,rs17682871,1.079557637,0.559661986
1145,rs2072256,0.793500271,0.031041477
1145,rs2153960,1.028108683,0.805743758
1145,rs2190699,0.820942773,0.066690366
1145,rs2236246,1.343197059,0.00323568
1145,rs2236247,1.343074329,0.00324738
1145,rs2269186,1.342437248,0.003296725
1145,rs2368984,1.400154992,0.000911676
1145,rs2623795,0.709408214,0.001922361
1145,rs2679780,0.718678314,0.003993236
1145,rs2679792,0.699104081,0.001008306
1145,rs2732053,0.718674657,0.004041506
1145,rs283811,0.711702872,0.09754
1145,rs283812,0.714184556,0.10262091
1145,rs28576782,0.699171567,0.001010744
1145,rs28712572,0.704417699,0.001292431
1145,rs34342646,0.456337065,0.01227694
1145,rs35355,1.224705376,0.04215454
1145,rs35358,1.242160358,0.028870251
1145,rs35359,1.241764514,0.029129919
1145,rs35360,1.242752584,0.028595411
1145,rs3764814,1.470004443,0.012927255
1145,rs3800227,0.992965618,0.95408176
1145,rs3800228,0.991380976,0.942027779
1145,rs405509,1.106669511,0.316429728
1145,rs438811,0.925315994,0.550367215
1145,rs4500636,0.886845845,0.343759953
1145,rs4792302,0.781038559,0.023146399
1145,rs483082,0.922796132,0.536540826
1145,rs4945816,0.984904422,0.896908066
1145,rs4946935,0.976489993,0.839022167
1145,rs5117,0.911912572,0.488832122
1145,rs55707823,0.453038382,0.000600696
1145,rs55724060,0.453364265,0.000606928
1145,rs55803928,0.819186328,0.193576757
1145,rs55827427,0.446375821,0.000484431
1145,rs55948619,0.704378646,0.001289697
1145,rs55968245,1.05129112,0.647312909
1145,rs56310569,0.704378646,0.001289697
1145,rs5882,1.024559756,0.80018317
1145,rs59801687,0.452193061,0.000576934
1145,rs6034677,0.872073015,0.42392071
1145,rs6135852,0.876327442,0.465888755
1145,rs61825309,1.181101028,0.202272195
1145,rs62307934,0.731263915,0.006320983
1145,rs62309185,0.71976894,0.003497034
1145,rs6502221,0.807429828,0.049827055
1145,rs6918436,1.070675101,0.536670874
1145,rs702131,1.391468043,0.001220144
1145,rs7185374,0.755890553,0.088939142
1145,rs72759967,1.128848345,0.354856742
1145,rs72822084,0.418372002,0.000927144
1145,rs72822089,0.444959163,0.001517519
1145,rs72822095,0.438560267,0.001268133
1145,rs72823606,0.453324416,0.000605815
1145,rs72834067,0.451368492,0.00056948
1145,rs72834070,0.470644943,0.000902162
1145,rs72834073,0.446175059,0.000633874
1145,rs72834074,0.446171631,0.000633774
1145,rs72834076,0.443505209,0.000573438
1145,rs72834079,0.446180756,0.0006339
1145,rs72834698,1.405313352,0.081224686
1145,rs7290310,0.708721514,0.053695368
1145,rs7570826,0.976824807,0.815126832
1145,rs767574,0.809372756,0.049005865
1145,rs7699045,0.704399323,0.001290989
1145,rs7826411,1.070005938,0.535820435
1145,rs7851726,1.006251108,0.949870763
1145,rs7911525,0.814702661,0.076507157
1145,rs7912454,1.074184611,0.552487284
1145,rs79377418,1.061152256,0.662833223
1145,rs8181609,0.777744947,0.141880397
1145,rs881506,0.760729421,0.025394883
1145,rs9303066,0.790915742,0.031685417
1145,rs936580,0.84438735,0.161276109
1145,rs9398173,1.004328127,0.97029239
1145,rs9739396,1.220442652,0.198524244
1145,rs9739397,1.220442652,0.198524244
1199,rs10034105,0.81455764,0.049677228
1199,rs10735460,0.885533651,0.280294863
1199,rs10746266,0.876566798,0.23947892
1199,rs11097007,0.81473593,0.049956753
1199,rs112475399,1.142591335,0.299520822
1199,rs113311037,0.730531037,0.005891784
1199,rs11723907,0.813494051,0.048240681
1199,rs11724667,0.814001714,0.048933186
1199,rs11725674,0.813963247,0.048880971
1199,rs11862361,0.835876089,0.08032294
1199,rs1239353,0.926806341,0.546244657
1199,rs12446160,0.759120023,0.007228546
1199,rs12643155,0.814373813,0.04943251
1199,rs13064289,0.987216626,0.930599787
1199,rs1450981,0.881076555,0.258728972
1199,rs17682871,1.148574951,0.256241491
1199,rs2072256,0.758606167,0.006475536
1199,rs2079559,0.787671579,0.019700655
1199,rs2190699,0.753143102,0.004511973
1199,rs2190700,0.784539065,0.017749515
1199,rs2215054,0.784356614,0.017664328
1199,rs2322709,0.792505906,0.023675142
1199,rs2623795,0.794874013,0.030059445
1199,rs2679792,0.813635601,0.04844374
1199,rs28576782,0.813610982,0.048399032
1199,rs28712572,0.813915768,0.048816147
1199,rs4500636,0.886857405,0.31798872
1199,rs4792302,0.757312462,0.006104849
1199,rs55968245,0.650444991,8.11E-05
1199,rs62017676,0.748798083,0.012889395
1199,rs6502221,0.760932874,0.006480344
1199,rs7185374,0.731160868,0.006264387
1199,rs7212783,0.787996728,0.020200649
1199,rs7222788,0.785161585,0.018122559
1199,rs7223559,0.789262995,0.020704034
1199,rs7223851,0.789127963,0.020998344
1199,rs7224309,0.78817799,0.020315868
1199,rs7316579,0.887676423,0.291572524
1199,rs767574,0.750814826,0.004102788
1199,rs769449,0.347564407,1.16E-06
1199,rs7826411,0.647563485,6.58E-05
1199,rs7912454,1.114883923,0.366278586
1199,rs79377418,0.994773193,0.971689642
1199,rs8181609,0.844164754,0.1387111
1199,rs9303066,0.762319132,0.00681016
1206,rs10034105,1.20876751,0.071476317
1206,rs10414043,0.979247046,0.913142201
1206,rs10735460,0.827895275,0.128942672
1206,rs10746266,0.82672572,0.126085296
1206,rs11097007,1.208626211,0.071664285
1206,rs112475399,1.061808426,0.658025199
1206,rs113311037,0.869905533,0.189223159
1206,rs11556505,1.135499356,0.412022408
1206,rs11723907,1.206142205,0.074986443
1206,rs11724667,1.2086567,0.071638214
1206,rs11725674,1.20865018,0.071646687
1206,rs11862361,0.991877135,0.940970538
1206,rs1239353,0.913998724,0.507750788
1206,rs12446160,0.908437634,0.334188282
1206,rs12643155,1.208735829,0.071522825
1206,rs12972156,1.0953872,0.564697516
1206,rs12972970,1.096528402,0.560009498
1206,rs13064289,1.192937658,0.201536881
1206,rs13301238,0.935068752,0.590665559
1206,rs1430337,1.097901851,0.422289062
1206,rs1450981,0.811383575,0.068551546
1206,rs157581,1.139734911,0.285391863
1206,rs157582,1.126089926,0.333943351
1206,rs17682871,1.031428181,0.81062739
1206,rs184017,1.146860405,0.263907287
1206,rs2072256,0.782694412,0.020101858
1206,rs2075650,1.135215819,0.41179884
1206,rs2079559,0.807633922,0.047116444
1206,rs2190699,0.824711497,0.063117917
1206,rs2190700,0.796875478,0.034455457
1206,rs2215054,0.807079278,0.046013345
1206,rs2322709,0.794428376,0.032686886
1206,rs2623795,1.191577866,0.099185073
1206,rs2679780,1.135454715,0.258711995
1206,rs2679792,1.208323153,0.07210934
1206,rs2732053,1.139073814,0.247149854
1206,rs283811,1.134715357,0.309263929
1206,rs283812,1.142580582,0.295465806
1206,rs283815,1.124990181,0.339738163
1206,rs28576782,1.208569163,0.071762764
1206,rs28712572,1.20863553,0.071666391
1206,rs34342646,1.100552812,0.543525161
1206,rs34404554,1.119366569,0.468239582
1206,rs35355,0.915337423,0.376609692
1206,rs35358,0.914307775,0.370738296
1206,rs35359,0.914247105,0.370534858
1206,rs35360,0.914163129,0.370482816
1206,rs438811,1.230301977,0.096002844
1206,rs4500636,0.977572217,0.866740531
1206,rs4792302,0.791989157,0.027503071
1206,rs483082,1.238415933,0.086824165
1206,rs5117,1.27474629,0.053897684
1206,rs55803928,1.120417092,0.254734333
1206,rs55968245,0.969434369,0.776614972
1206,rs5882,0.962682121,0.719126037
1206,rs59007384,1.142571585,0.286183702
1206,rs6135852,1.043154361,0.724647781
1206,rs61825286,0.840185573,0.214143696
1206,rs61825300,0.833952951,0.19460345
1206,rs61825309,0.818274676,0.148082134
1206,rs62307934,1.131279856,0.272614977
1206,rs6502221,0.791486354,0.025340816
1206,rs6857,1.040297326,0.793903124
1206,rs6918436,1.036426072,0.734649964
1206,rs71352238,1.101884483,0.533204163
1206,rs7185374,0.871660026,0.198467724
1206,rs7212783,0.797889125,0.035530137
1206,rs7222788,0.807879224,0.04704413
1206,rs7223559,0.810745222,0.051041817
1206,rs7223851,0.797950467,0.035574557
1206,rs7224309,0.800721773,0.038672359
1206,rs72759967,0.816827104,0.148372105
1206,rs7316579,0.81623514,0.103306262
1206,rs767574,0.816434657,0.049961227
1206,rs769449,0.981224517,0.919627073
1206,rs7826411,0.966873838,0.758084504
1206,rs7912454,1.118433828,0.366936449
1206,rs79377418,1.199346704,0.187939778
1206,rs8181609,0.828410965,0.120909764
1206,rs9303066,0.821882077,0.062048059
1206,rs9739396,1.162323032,0.130385645
1206,rs9739397,1.16233144,0.130366419
1620,rs116282329,0.772212332,0.043405391
1620,rs4790248,1.303691342,0.0956562
1620,rs57303653,0.952603788,0.623014281
1620,rs881506,0.7959887,0.013432667
1765,rs10414043,0.456643557,2.61E-06
1765,rs11556505,0.599647916,0.000179494
1765,rs12699065,0.976545587,0.805814792
1765,rs12972156,0.589024847,0.000184383
1765,rs12972970,0.588995519,0.000183384
1765,rs157581,0.719499808,0.002357731
1765,rs157582,0.71693793,0.002181116
1765,rs184017,0.718111268,0.002282618
1765,rs2075650,0.599133854,0.000171916
1765,rs2153960,0.931096458,0.396459807
1765,rs2679780,0.83808183,0.04829942
1765,rs2732053,0.838521927,0.049066442
1765,rs283811,0.6589318,0.000294466
1765,rs283812,0.661606412,0.000379226
1765,rs283815,0.713803107,0.001997841
1765,rs34342646,0.588743236,0.000178176
1765,rs34404554,0.599972841,0.000182288
1765,rs35355,1.219450889,0.015463844
1765,rs35358,1.216107731,0.016949696
1765,rs35359,1.215598251,0.017228548
1765,rs35360,1.212405434,0.018830254
1765,rs3800227,0.95028882,0.561530482
1765,rs405509,1.238320107,0.004892985
1765,rs438811,0.797030248,0.025518695
1765,rs483082,0.801268482,0.029171255
1765,rs5117,0.796679905,0.026446236
1765,rs55803928,0.845511581,0.039705382
1765,rs61825286,1.246402149,0.04021188
1765,rs61825300,1.243685292,0.04218497
1765,rs61825309,1.236495689,0.048552352
1765,rs62307934,0.837781949,0.047978248
1765,rs6857,0.586175241,4.89E-05
1765,rs71352238,0.609789031,0.000253379
1765,rs72759967,1.23757792,0.04698388
1869,rs2183591,0.829953089,0.01280332
1869,rs2271116,0.844069131,0.041572942
1869,rs2838892,0.82484033,0.009644666
1869,rs55803928,0.838705679,0.019821692
1869,rs60321241,0.830567386,0.013095902
1869,rs61825300,1.147809993,0.191135352
1869,rs72759967,1.152486624,0.177769126
1869,rs8127205,0.829231158,0.012368267
2480,rs10034105,0.856371357,0.039152056
2480,rs10414043,0.414551455,1.67E-09
2480,rs10516023,0.83441178,0.091531697
2480,rs11097007,0.857507087,0.04104838
2480,rs111385232,1.204296716,0.009284719
2480,rs111727905,1.126354885,0.098734568
2480,rs111871194,0.912276313,0.425250817
2480,rs112475399,1.320500156,0.001297635
2480,rs114052930,0.829218099,0.080608792
2480,rs11556505,0.421483856,1.64E-11
2480,rs11723907,0.856032634,0.038672584
2480,rs11724667,0.856191965,0.038900969
2480,rs11725674,0.856189436,0.038897144
2480,rs11862361,0.835180093,0.0134269
2480,rs1239353,0.782823566,0.009835589
2480,rs12446160,0.955361744,0.512173141
2480,rs12643155,0.856320485,0.039081422
2480,rs12699065,0.79635912,0.004190819
2480,rs1294647,0.794654875,0.001129956
2480,rs1294648,0.793301577,0.001036743
2480,rs1294650,0.79481979,0.001149854
2480,rs12972156,0.413942316,1.30E-11
2480,rs12972970,0.413860817,1.27E-11
2480,rs13301238,0.71559882,6.82E-05
2480,rs1430337,1.122419446,0.137068377
2480,rs143703233,0.832640397,0.088006003
2480,rs144231633,0.832604126,0.087894144
2480,rs157581,0.580064051,8.39E-09
2480,rs157582,0.578808513,7.71E-09
2480,rs16917151,1.329641113,0.000887811
2480,rs17067478,0.838120881,0.098379932
2480,rs17067481,0.835565077,0.092726332
2480,rs17478388,0.832514681,0.087414811
2480,rs17682871,1.299998556,0.001581047
2480,rs184017,0.579462807,8.26E-09
2480,rs2008079,0.769673067,0.000443768
2480,rs2008080,0.769668652,0.000443629
2480,rs2072256,0.910365527,0.184964556
2480,rs2075650,0.423809553,2.05E-11
2480,rs2079559,0.887804068,0.100016079
2480,rs2153960,0.897635951,0.131405673
2480,rs2190699,0.898145489,0.125863169
2480,rs2190700,0.882851163,0.085471594
2480,rs2215054,0.887060806,0.097792217
2480,rs2236246,1.201813093,0.009864804
2480,rs2236247,1.20261761,0.009635275
2480,rs2269186,1.201607272,0.009932867
2480,rs2322709,0.882705808,0.084072603
2480,rs2368984,1.213236181,0.007010532
2480,rs2623795,0.860551218,0.047259942
2480,rs2679780,0.860051177,0.054886399
2480,rs2679792,0.856069508,0.03873447
2480,rs2732053,0.861001557,0.056746528
2480,rs283811,0.576557219,9.55E-09
2480,rs283815,0.578774543,9.13E-09
2480,rs28576782,0.856079396,0.038738874
2480,rs28712572,0.856179384,0.038883265
2480,rs34342646,0.413906788,1.22E-11
2480,rs34404554,0.421160502,1.61E-11
2480,rs35355,1.177062324,0.022255951
2480,rs35358,1.179583686,0.020644815
2480,rs35359,1.179723256,0.020587273
2480,rs35360,1.178461314,0.021457564
2480,rs357281,0.737065255,0.001031067
2480,rs357289,0.80549622,0.01964038
2480,rs3800227,0.869780528,0.056085703
2480,rs3800228,0.901247306,0.149021584
2480,rs3803833,0.780398371,0.008388896
2480,rs405509,1.294689151,0.000132192
2480,rs420444,0.798120903,0.013813486
2480,rs438811,0.767934107,0.002541559
2480,rs4500636,0.775711998,0.00318218
2480,rs4792302,0.898122232,0.131154088
2480,rs4801468,1.175396015,0.030265072
2480,rs483082,0.769613949,0.002748658
2480,rs4917250,0.648908758,2.71E-06
2480,rs4945816,0.896535168,0.129506089
2480,rs4946935,0.900585855,0.145773643
2480,rs5117,0.769213066,0.002879949
2480,rs539963,0.736720162,0.000973531
2480,rs548287,0.80535018,0.018465237
2480,rs55707823,0.838655635,0.102721359
2480,rs55724060,0.827325119,0.077981824
2480,rs55827427,0.856608076,0.147304577
2480,rs55948619,0.856622912,0.039488704
2480,rs55968245,0.84569626,0.022555526
2480,rs56310569,0.856618526,0.039482711
2480,rs5882,0.928707847,0.299977432
2480,rs59801687,0.830312022,0.080458429
2480,rs6034677,1.245139419,0.006853644
2480,rs6135852,1.272022379,0.002688519
2480,rs61825286,1.248147532,0.020545238
2480,rs61825309,1.2377999,0.024392408
2480,rs62017676,0.84291067,0.038643123
2480,rs62070067,0.777528398,0.007334605
2480,rs62307934,0.871226649,0.077988844
2480,rs62309185,0.85501205,0.045084733
2480,rs6502221,0.90779269,0.171510703
2480,rs6857,0.416739231,3.83E-13
2480,rs6859,1.299968139,0.000143873
2480,rs6918436,1.173664736,0.02490358
2480,rs702131,1.107379411,0.156658502
2480,rs7212783,0.882425497,0.083982552
2480,rs7222788,0.886256738,0.095196323
2480,rs7223559,0.886664357,0.096269218
2480,rs7223851,0.885025085,0.091360628
2480,rs7224309,0.883727769,0.087247637
2480,rs72822084,0.827011146,0.112118319
2480,rs72822089,0.831892243,0.122590603
2480,rs72822095,0.836098673,0.132323028
2480,rs72823606,0.833966702,0.091263284
2480,rs72834067,0.832747832,0.087884932
2480,rs72834070,0.829740269,0.081600089
2480,rs72834073,0.838377041,0.098892809
2480,rs72834074,0.838303233,0.098742594
2480,rs72834076,0.835754373,0.093085607
2480,rs72834079,0.834295202,0.091311401
2480,rs7290310,1.197608981,0.106550946
2480,rs7570826,0.848677283,0.01502335
2480,rs767574,0.900232811,0.133984065
2480,rs769449,0.417322718,1.08E-09
2480,rs7699045,0.856463556,0.039277144
2480,rs7826411,0.854949738,0.032186619
2480,rs7851726,1.095620057,0.183212424
2480,rs7911525,1.120825021,0.144905185
2480,rs7912454,1.265552295,0.004029984
2480,rs8181609,0.886826302,0.122426359
2480,rs9303066,0.894881337,0.116837716
2480,rs936580,0.766415108,0.002891994
2480,rs9398173,0.890160564,0.105413708
2480,rs9739396,1.090746149,0.218903129
2480,rs9739397,1.090746149,0.218903129
2971,rs111727905,1.129141348,0.065150487
2971,rs3764814,1.295298513,0.008514713
2971,rs3800228,0.917914448,0.190789218
2971,rs4945816,0.910144301,0.150649479
2971,rs4946935,0.91069502,0.152646187
2971,rs55948619,1.021743946,0.738488355
2971,rs56310569,1.021733414,0.738609874
2971,rs62309185,0.960250361,0.552400975
2971,rs72834698,1.217116705,0.022335949
2971,rs7699045,1.021260999,0.744070934
2971,rs7851726,1.189625384,0.004853248
2971,rs881506,0.764217783,0.000176617
2971,rs936580,0.918569126,0.289426208
2971,rs9398173,0.910460833,0.148212159
3776,rs10516023,0.860279391,0.103668476
3776,rs111385232,1.061127601,0.33359078
3776,rs111871194,0.970215811,0.753461929
3776,rs114052930,0.871744105,0.134399875
3776,rs1294647,0.980915911,0.755040504
3776,rs1294648,0.985549314,0.814053354
3776,rs1294650,0.979573432,0.738379789
3776,rs143703233,0.867677562,0.123684104
3776,rs144231633,0.86817926,0.125054319
3776,rs17067478,0.863266837,0.110584502
3776,rs17067481,0.864855833,0.114394476
3776,rs17478388,0.870280548,0.130632427
3776,rs2183591,0.946845092,0.348385769
3776,rs2236246,1.060413586,0.337323825
3776,rs2236247,1.060333194,0.338169256
3776,rs2269186,1.060472967,0.336767239
3776,rs2368984,1.07019683,0.270223366
3776,rs2838892,0.918595682,0.148153592
3776,rs357289,0.979200622,0.780536597
3776,rs3803833,0.772043436,0.001923922
3776,rs420444,0.990011749,0.893102007
3776,rs4801468,1.280614661,8.54E-05
3776,rs4917250,0.855297095,0.050933419
3776,rs548287,0.97645853,0.751193123
3776,rs55707823,0.852160059,0.086983608
3776,rs55724060,0.861995859,0.1077826
3776,rs55827427,0.851243657,0.084098959
3776,rs57303653,1.20281523,0.007363855
3776,rs59801687,0.843747429,0.066227648
3776,rs60321241,0.94498194,0.330665135
3776,rs6034677,1.318473565,4.50E-05
3776,rs62070067,0.761032314,0.001116909
3776,rs6859,1.053081927,0.376407867
3776,rs702131,1.062205396,0.320040886
3776,rs72822084,0.877284594,0.211439868
3776,rs72822089,0.870441715,0.185889851
3776,rs72822095,0.86455958,0.166261957
3776,rs72823606,0.855742649,0.093120107
3776,rs72834067,0.869851972,0.129396824
3776,rs72834070,0.870931312,0.131963079
3776,rs72834073,0.863536628,0.111356487
3776,rs72834074,0.863377002,0.110902642
3776,rs72834076,0.864964748,0.114712514
3776,rs72834079,0.860160279,0.103338467
3776,rs7290310,1.240784253,0.026408043
3776,rs7570826,0.766839921,3.74E-06
3776,rs7911525,1.297664609,0.000133896
3776,rs8127205,0.94605691,0.340639403
4921,rs10089244,0.774594238,9.81E-06
4921,rs11013415,1.005606696,0.924906018
4921,rs11013416,0.994213321,0.922547676
4921,rs11242908,0.862145793,0.006345396
4921,rs11242909,0.854807656,0.004002842
4921,rs116282329,0.67800537,8.09E-05
4921,rs11994805,0.775476375,1.39E-05
4921,rs16917151,1.030861549,0.640780902
4921,rs2008079,0.935293397,0.264278946
4921,rs2008080,0.935293397,0.264278946
4921,rs2271116,0.905829147,0.074949875
4921,rs28590421,0.773654192,1.06E-05
4921,rs34095326,0.745726887,0.001656367
4921,rs357269,0.864694394,0.035924946
4921,rs357270,0.86461244,0.035855633
4921,rs357273,0.861280943,0.032992479
4921,rs357281,0.940655462,0.363284496
4921,rs375155,0.862600512,0.03376398
4921,rs4790248,1.299331102,0.006924783
4921,rs539963,0.935702324,0.322228174
4921,rs56152004,0.998685762,0.982431953
4921,rs56364834,0.998808826,0.984073193
4921,rs62492352,1.17035331,0.002049741
4921,rs6547282,1.160165992,0.00630937
4921,rs7304484,0.851547046,0.001301477
4921,rs7745123,0.86239791,0.006469853
4921,rs7750535,0.855500125,0.004232933
4921,rs7757489,0.857110826,0.004734507
7401,rs112075860,1.407067332,1.43E-05
7401,rs2008465,0.782457016,5.92E-09
7401,rs7164420,1.409793256,1.27E-05
7401,rs74031843,1.410346515,1.30E-05
8355,rs12677146,0.869000351,0.00059066
8355,rs13274269,0.866566236,0.000451967
8355,rs1478891,0.865778428,0.000430462
8355,rs1478892,0.86621947,0.000447346
8355,rs34163377,0.866763858,0.000457812
8355,rs34603591,1.1225169,0.004329447
8355,rs35005793,0.868660275,0.000564872
8355,rs9316650,1.239634419,2.09E-05
8961,rs10038573,0.890136688,0.002055779
8961,rs1036345,0.815790631,1.85E-07
8961,rs10463719,0.880228264,0.000679697
8961,rs10778936,0.819832936,2.90E-07
8961,rs10778937,0.831904834,6.23E-07
8961,rs10778938,0.828340026,6.56E-07
8961,rs10778939,0.828909724,6.97E-07
8961,rs10862575,0.838771703,2.27E-06
8961,rs10862576,0.820639318,4.30E-07
8961,rs10892623,0.782946593,3.97E-05
8961,rs11078546,1.308215906,0.00017591
8961,rs11115556,0.837355278,1.81E-06
8961,rs11115558,0.822134295,5.10E-07
8961,rs11115563,0.820218639,3.05E-07
8961,rs11115564,0.820492463,3.30E-07
8961,rs111241368,1.29085506,2.14E-05
8961,rs112165411,0.782819168,4.00E-05
8961,rs112385597,0.855600106,0.000174825
8961,rs113112297,1.360234783,8.48E-07
8961,rs114870338,0.884140902,0.001123089
8961,rs11531136,0.82822885,8.87E-07
8961,rs115366255,1.113575607,0.006688098
8961,rs11600755,0.779810029,3.01E-05
8961,rs11654471,0.852131505,3.92E-05
8961,rs116995979,0.817132347,0.001269329
8961,rs11744117,0.883633112,0.000857235
8961,rs11774568,0.808854544,1.98E-06
8961,rs11883376,1.201001694,3.95E-06
8961,rs11987007,1.360653778,3.63E-05
8961,rs11989783,0.823540942,7.58E-07
8961,rs12147741,0.854541099,0.000111416
8961,rs12919612,1.157130716,0.000281494
8961,rs13188236,0.891071559,0.001734817
8961,rs1388105,0.892286325,0.001908939
8961,rs141483795,0.880681883,0.000724137
8961,rs142699691,0.878409147,0.000575875
8961,rs142902523,0.817132347,0.001269329
8961,rs144925961,0.881365951,0.000793502
8961,rs146420937,0.894587279,0.002493315
8961,rs146719852,0.893794162,0.002339583
8961,rs148705942,0.878033874,0.000550171
8961,rs17455753,0.880877052,0.000730906
8961,rs181544,0.893492121,0.018963899
8961,rs1835013,0.883801587,0.00112833
8961,rs186730428,0.889408939,0.001711856
8961,rs187734859,1.198990894,0.003043771
8961,rs2020085,0.835888128,1.32E-06
8961,rs2056220,0.867805601,0.00010897
8961,rs2116016,0.825038262,7.95E-08
8961,rs2280199,1.180461844,4.88E-06
8961,rs2303918,0.826897,1.09E-07
8961,rs2327430,1.172938017,3.32E-05
8961,rs2896964,0.888005893,0.001672099
8961,rs2918094,1.180309602,4.94E-06
8961,rs2921715,1.128618067,0.012463592
8961,rs2946994,1.136214393,0.000312428
8961,rs34012824,1.277528784,0.00054597
8961,rs34791758,1.205036834,2.95E-06
8961,rs35114640,0.774535537,1.95E-05
8961,rs35690628,0.849738754,0.000116115
8961,rs357285,0.885269374,0.011711044
8961,rs357288,0.893846115,0.019382849
8961,rs3744707,1.308302164,0.000175848
8961,rs3795809,1.179429343,0.000757652
8961,rs4076491,1.233211077,1.74E-06
8961,rs41271109,0.815006224,7.50E-05
8961,rs428525,1.126282566,0.014030873
8961,rs453843,0.822370673,6.05E-07
8961,rs4653943,1.169869739,0.001749058
8961,rs4790741,1.308215131,0.000180886
8961,rs4790743,1.307674369,0.000172081
8961,rs4846864,0.881866007,0.001974118
8961,rs540558,0.883339082,0.010538608
8961,rs56017929,0.857240775,0.000767113
8961,rs56131685,0.849792052,7.45E-05
8961,rs56354348,0.855554408,0.000173765
8961,rs60447887,1.163038825,0.000296433
8961,rs62307939,0.85674917,0.000188795
8961,rs62307940,0.856714042,0.000188158
8961,rs62309245,0.852170238,0.000114789
8961,rs62359816,0.814958723,7.59E-05
8961,rs62359834,0.815860321,8.40E-05
8961,rs6475847,0.879686915,0.000614753
8961,rs6533631,1.255825057,2.20E-05
8961,rs6539700,0.835146351,1.21E-06
8961,rs72732737,0.815500576,7.84E-05
8961,rs7294886,0.837353887,2.81E-05
8961,rs7308896,0.821818372,6.06E-07
8961,rs7309892,0.820546899,4.27E-07
8961,rs7314554,0.819355184,2.69E-07
8961,rs73689258,1.360845396,3.61E-05
8961,rs73968921,1.349185064,3.39E-05
8961,rs75288020,1.286350546,2.66E-05
8961,rs7654036,0.849858668,7.45E-05
8961,rs76705000,1.171248827,0.006475062
8961,rs77126198,1.464664918,2.66E-07
8961,rs77604646,0.892385948,0.002004691
8961,rs7836608,0.799097714,6.50E-08
8961,rs78772440,1.317013318,0.000339011
8961,rs78776376,0.856675659,0.000187869
8961,rs7925365,0.784290433,4.43E-05
8961,rs7948804,0.791749141,6.95E-05
8961,rs7961389,0.83253075,7.72E-07
8961,rs7975671,0.833974529,9.47E-07
8961,rs7976168,0.81746476,2.12E-07
8961,rs8017200,0.854006599,0.000234683
8961,rs8108680,1.201252578,3.83E-06
8961,rs8181713,0.837524747,1.87E-06
8961,rs884204,1.137650771,0.000648785
8961,rs9657521,0.807866375,2.53E-07
8961,rs9668579,0.855143388,0.000111482
8961,rs9669490,0.855142993,0.000111477
8961,rs9897608,1.140155795,0.000527146
8961,rs9898284,1.289131601,0.00037307
