ID,Family,phenotype,covariate1,covariate2,SNP1,SNP2,SNP3
1,HCB181,0,2,1,2,2,1
2,HCB182,0,2,2,2,1,1
3,HCB183,0,2,1,0,1,0
4,HCB184,0,2,1,2,2,2
5,HCB185,0,1,1,2,2,0
6,HCB186,0,1,2,0,2,0
7,HCB187,0,1,1,0,0,1
8,HCB188,0,1,2,1,0,0
9,HCB189,0,2,1,1,2,2
10,HCB190,0,1,1,1,1,2
11,HCB191,1,1,2,0,0,1
12,HCB192,0,2,1,1,1,2
13,HCB193,1,2,1,0,1,2
14,HCB194,0,1,1,1,1,0
15,HCB195,0,2,2,1,2,0
16,HCB196,0,1,1,1,0,0
17,HCB197,0,2,2,1,0,1
18,HCB198,0,1,1,2,0,0
19,HCB199,0,2,2,2,1,2
20,HCB200,1,1,1,0,0,2
21,HCB201,1,2,1,2,0,1
22,HCB202,0,1,2,0,0,1
23,HCB203,1,1,2,2,2,0
24,HCB204,1,2,2,1,1,2
25,HCB205,0,1,2,0,2,2
26,HCB206,0,1,2,1,2,1
27,HCB207,0,1,2,1,0,1
28,HCB208,0,1,1,0,2,1
29,HCB209,1,2,2,1,2,2
30,HCB210,1,1,1,1,2,0
31,HCB211,0,1,2,2,0,0
32,HCB212,0,2,1,1,0,1
33,HCB213,0,1,2,2,2,0
34,HCB214,0,2,2,2,0,1
35,HCB215,0,2,1,0,2,0
36,HCB216,0,1,1,0,1,2
37,HCB217,1,2,2,2,2,1
38,HCB218,1,1,2,1,1,1
39,HCB219,1,2,2,2,1,1
40,HCB220,1,1,1,0,0,0
41,HCB221,1,2,1,0,1,0
42,HCB222,0,1,2,1,1,0
43,HCB223,1,1,1,2,0,0
44,HCB224,1,2,1,0,2,1
45,HCB225,1,1,2,0,1,1
46,JPT226,1,1,2,2,1,2
47,JPT227,0,1,1,0,2,0
48,JPT228,0,1,2,0,1,0
49,JPT229,1,1,1,2,2,2
50,JPT230,0,2,1,2,2,2
51,JPT231,1,2,1,0,0,1
52,JPT232,1,2,1,0,0,0
53,JPT233,0,2,1,2,0,1
54,JPT234,1,1,2,2,2,1
55,JPT235,0,1,1,2,2,0
56,JPT236,1,1,1,0,2,2
57,JPT237,0,2,2,0,0,1
58,JPT238,1,1,1,2,0,1
59,JPT239,0,2,1,2,1,2
60,JPT240,1,2,2,1,2,1
61,JPT241,0,2,2,0,1,0
62,JPT242,1,1,1,1,2,1
63,JPT243,0,2,1,2,2,0
64,JPT244,1,2,1,2,2,2
65,JPT245,0,2,1,1,2,1
66,JPT246,0,1,1,0,2,2
67,JPT247,0,2,1,2,0,0
68,JPT248,0,1,1,2,1,0
69,JPT249,0,1,2,2,1,0
70,JPT250,1,2,1,1,2,2
71,JPT251,1,2,1,1,2,2
72,JPT252,1,2,2,1,1,1
73,JPT253,0,2,1,2,2,0
74,JPT254,0,2,2,2,0,1
75,JPT255,1,1,2,2,1,1
76,JPT256,0,1,1,2,0,2
77,JPT257,0,1,2,2,1,0
78,JPT258,1,1,1,2,1,0
79,JPT259,1,2,2,1,0,0
80,JPT260,1,2,2,2,0,0
81,JPT261,1,1,1,1,0,1
82,JPT262,0,2,1,1,0,0
83,JPT263,0,1,1,1,0,0
84,JPT264,1,1,1,0,1,2
85,JPT265,0,1,2,0,0,0
86,JPT266,1,1,1,0,1,2
87,JPT267,0,2,1,1,1,2
88,JPT268,1,1,1,0,0,0
89,JPT269,0,1,1,2,0,0
